,sepalLength,sepalWidth,petalLength,petalWidth
count,150.0,150.0,150.0,150.0
mean,5.843333333333335,3.0540000000000007,3.7586666666666693,1.1986666666666672
std,0.8280661279778629,0.4335943113621737,1.7644204199522617,0.7631607417008414
min,4.3,2.0,1.0,0.1
25%,5.1,2.8,1.6,0.3
50%,5.8,3.0,4.35,1.3
75%,6.4,3.3,5.1,1.8
max,7.9,4.4,6.9,2.5
