,sepalLength,sepalWidth,petalLength,petalWidth
sepalLength,1.0,-0.15945651848582867,0.8813863932886515,0.8344206519767946
sepalWidth,-0.15945651848582867,1.0,-0.3034206463815158,-0.2775110724763029
petalLength,0.8813863932886515,-0.3034206463815158,1.0,0.9360033509355781
petalWidth,0.8344206519767946,-0.2775110724763029,0.9360033509355781,1.0
