,petalLength,petalLength,petalLength,petalLength,petalLength,petalLength,petalLength,petalLength,petalWidth,petalWidth,petalWidth,petalWidth,petalWidth,petalWidth,petalWidth,petalWidth,sepalLength,sepalLength,sepalLength,sepalLength,sepalLength,sepalLength,sepalLength,sepalLength,sepalWidth,sepalWidth,sepalWidth,sepalWidth,sepalWidth,sepalWidth,sepalWidth,sepalWidth
,count,mean,std,min,25%,50%,75%,max,count,mean,std,min,25%,50%,75%,max,count,mean,std,min,25%,50%,75%,max,count,mean,std,min,25%,50%,75%,max
species,,,,,,,,,,,,,,,,,,,,,,,,,,,,,,,,
Iris-setosa,50.0,1.464,0.1735111594364455,1.0,1.4,1.5,1.5750000000000002,1.9,50.0,0.2439999999999999,0.10720950308167837,0.1,0.2,0.2,0.3,0.6,50.0,5.005999999999999,0.3524896872134512,4.3,4.8,5.0,5.2,5.8,50.0,3.4180000000000006,0.38102439795469095,2.3,3.125,3.4,3.6750000000000003,4.4
Iris-versicolor,50.0,4.26,0.46991097723995806,3.0,4.0,4.35,4.6,5.1,50.0,1.3259999999999998,0.197752680004544,1.0,1.2,1.3,1.5,1.8,50.0,5.936,0.5161711470638635,4.9,5.6,5.9,6.3,7.0,50.0,2.7700000000000005,0.3137983233784114,2.0,2.525,2.8,3.0,3.4
Iris-virginica,50.0,5.552,0.5518946956639835,4.5,5.1,5.55,5.875000000000001,6.9,50.0,2.026,0.27465005563666733,1.4,1.8,2.0,2.3,2.5,50.0,6.587999999999998,0.635879593274432,4.9,6.2250000000000005,6.5,6.9,7.9,50.0,2.9739999999999998,0.3224966381726376,2.2,2.8,3.0,3.1750000000000003,3.8
